sponsor_id,sponsor_name,sponsor_phone,sponsor_email
1,Sponsor Company 1,780-555-3001,sponsor1@example.com
2,Sponsor Company 2,780-555-3002,sponsor2@example.com
3,Sponsor Company 3,780-555-3003,sponsor3@example.com
4,Sponsor Company 4,780-555-3004,sponsor4@example.com
5,Sponsor Company 5,780-555-3005,sponsor5@example.com
6,Sponsor Company 6,780-555-3006,sponsor6@example.com
7,Sponsor Company 7,780-555-3007,sponsor7@example.com
8,Sponsor Company 8,780-555-3008,sponsor8@example.com
9,Sponsor Company 9,780-555-3009,sponsor9@example.com
10,Sponsor Company 10,780-555-3010,sponsor10@example.com
11,Sponsor Company 11,780-555-3011,sponsor11@example.com
12,Sponsor Company 12,780-555-3012,sponsor12@example.com
13,Sponsor Company 13,780-555-3013,sponsor13@example.com
14,Sponsor Company 14,780-555-3014,sponsor14@example.com
15,Sponsor Company 15,780-555-3015,sponsor15@example.com
16,Sponsor Company 16,780-555-3016,sponsor16@example.com
17,Sponsor Company 17,780-555-3017,sponsor17@example.com
18,Sponsor Company 18,780-555-3018,sponsor18@example.com
19,Sponsor Company 19,780-555-3019,sponsor19@example.com
20,Sponsor Company 20,780-555-3020,sponsor20@example.com
21,Sponsor Company 21,780-555-3021,sponsor21@example.com
22,Sponsor Company 22,780-555-3022,sponsor22@example.com
23,Sponsor Company 23,780-555-3023,sponsor23@example.com
24,Sponsor Company 24,780-555-3024,sponsor24@example.com
25,Sponsor Company 25,780-555-3025,sponsor25@example.com
26,Sponsor Company 26,780-555-3026,sponsor26@example.com
27,Sponsor Company 27,780-555-3027,sponsor27@example.com
28,Sponsor Company 28,780-555-3028,sponsor28@example.com
29,Sponsor Company 29,780-555-3029,sponsor29@example.com
30,Sponsor Company 30,780-555-3030,sponsor30@example.com
31,Sponsor Company 31,780-555-3031,sponsor31@example.com
32,Sponsor Company 32,780-555-3032,sponsor32@example.com
33,Sponsor Company 33,780-555-3033,sponsor33@example.com
34,Sponsor Company 34,780-555-3034,sponsor34@example.com
35,Sponsor Company 35,780-555-3035,sponsor35@example.com
36,Sponsor Company 36,780-555-3036,sponsor36@example.com
37,Sponsor Company 37,780-555-3037,sponsor37@example.com
38,Sponsor Company 38,780-555-3038,sponsor38@example.com
39,Sponsor Company 39,780-555-3039,sponsor39@example.com
40,Sponsor Company 40,780-555-3040,sponsor40@example.com
41,Sponsor Company 41,780-555-3041,sponsor41@example.com
42,Sponsor Company 42,780-555-3042,sponsor42@example.com
43,Sponsor Company 43,780-555-3043,sponsor43@example.com
44,Sponsor Company 44,780-555-3044,sponsor44@example.com
45,Sponsor Company 45,780-555-3045,sponsor45@example.com
46,Sponsor Company 46,780-555-3046,sponsor46@example.com
47,Sponsor Company 47,780-555-3047,sponsor47@example.com
48,Sponsor Company 48,780-555-3048,sponsor48@example.com
49,Sponsor Company 49,780-555-3049,sponsor49@example.com
50,Sponsor Company 50,780-555-3050,sponsor50@example.com
